detection_model,metric,dataset,correlation,pvalue,significant
microsoft/deberta-v3-small,MATTR,abstracts,-0.053926809987371524,0.39397771011283766,False
microsoft/deberta-v3-small,MATTR,news,-0.06397180339674594,0.31177311243388184,False
microsoft/deberta-v3-small,MATTR,reviews,0.2331955596114038,0.00018765117949499265,True
microsoft/deberta-v3-small,MATTR,qa,-0.15951682804134187,0.011215221770903196,True
microsoft/deberta-v3-small,L_MATTR,abstracts,-0.054778945845620874,0.3865362996700515,False
microsoft/deberta-v3-small,L_MATTR,news,-0.07568733461575665,0.2312115470174996,False
microsoft/deberta-v3-small,L_MATTR,reviews,0.24607275770705822,7.889402825325953e-05,True
microsoft/deberta-v3-small,L_MATTR,qa,-0.16743664400150676,0.007731185739394799,True
microsoft/deberta-v3-small,LEX_DEN,abstracts,-0.056309168039356594,0.37338925116389315,False
microsoft/deberta-v3-small,LEX_DEN,news,-0.08151075014383695,0.19716978452086464,False
microsoft/deberta-v3-small,LEX_DEN,reviews,0.06597845158768845,0.29680683695294235,False
microsoft/deberta-v3-small,LEX_DEN,qa,-0.016447822112410262,0.7950021989516215,False
microsoft/deberta-v3-small,UNIQUE_WORDS,abstracts,0.024992289993300804,0.692968704986389,False
microsoft/deberta-v3-small,UNIQUE_WORDS,news,0.03119708760473573,0.6220858988487632,False
microsoft/deberta-v3-small,UNIQUE_WORDS,reviews,-0.048401044311670326,0.44428864911965343,False
microsoft/deberta-v3-small,UNIQUE_WORDS,qa,-0.09459438532049637,0.13425447833145202,False
microsoft/deberta-v3-small,FLESCH,abstracts,-0.06841243668865603,0.27930475164892316,False
microsoft/deberta-v3-small,FLESCH,news,-0.05845589033322838,0.35541577637173005,False
microsoft/deberta-v3-small,FLESCH,reviews,0.3140218643290147,3.590416983571973e-07,True
microsoft/deberta-v3-small,FLESCH,qa,0.034290799965013885,0.5879544867052965,False
microsoft/deberta-v3-small,GUNNING_FOG,abstracts,0.06049815667636995,0.33882969214225833,False
microsoft/deberta-v3-small,GUNNING_FOG,news,-0.06188261843324121,0.3278714817076354,False
microsoft/deberta-v3-small,GUNNING_FOG,reviews,-0.4152008507805243,6.374762256043199e-12,True
microsoft/deberta-v3-small,GUNNING_FOG,qa,-0.056965772107162055,0.36783336921339077,False
microsoft/deberta-v3-small,AVG_SENT_LEN,abstracts,0.08401474472806206,0.18371156282664833,False
microsoft/deberta-v3-small,AVG_SENT_LEN,news,0.001529427683596955,0.9807264048888096,False
microsoft/deberta-v3-small,AVG_SENT_LEN,reviews,-0.4366687907121404,3.718864245284289e-13,True
microsoft/deberta-v3-small,AVG_SENT_LEN,qa,-0.06761630221740675,0.284951069662934,False
microsoft/deberta-v3-small,LONG_SENTS,abstracts,0.05253649023843167,0.4063023513616843,False
microsoft/deberta-v3-small,LONG_SENTS,news,0.003705696557266644,0.9533234039342872,False
microsoft/deberta-v3-small,LONG_SENTS,reviews,-0.2913019951022054,2.554970898875287e-06,True
microsoft/deberta-v3-small,LONG_SENTS,qa,-0.11423371284565223,0.07024636523620963,False
microsoft/deberta-v3-small,SHORT_SENTS,abstracts,-0.014650823631482596,0.8169801770648256,False
microsoft/deberta-v3-small,SHORT_SENTS,news,0.13835816220333058,0.028090475968203906,True
microsoft/deberta-v3-small,SHORT_SENTS,reviews,0.3023894381048965,1.0011578525553682e-06,True
microsoft/deberta-v3-small,SHORT_SENTS,qa,-0.08617224764592715,0.17266863044075242,False
microsoft/deberta-v3-small,SENT_LEN_STD,abstracts,-0.013240514117698186,0.8343304919630466,False
microsoft/deberta-v3-small,SENT_LEN_STD,news,-0.020735850119513958,0.7432367262253436,False
microsoft/deberta-v3-small,SENT_LEN_STD,reviews,-0.07102870353707197,0.2612849123495934,False
microsoft/deberta-v3-small,SENT_LEN_STD,qa,-0.19583425039036118,0.0017864271631767605,True
microsoft/deberta-v3-small,len_in_characters,abstracts,0.026786540500270517,0.6721602712855355,False
microsoft/deberta-v3-small,len_in_characters,news,0.013502831047477407,0.8310969982607873,False
microsoft/deberta-v3-small,len_in_characters,reviews,-0.053121023641339284,0.4010930590260226,False
microsoft/deberta-v3-small,len_in_characters,qa,-0.09804963683153328,0.1205439618003945,False
microsoft/deberta-v3-small,polarity,abstracts,-0.028324959743812304,0.6545147276361344,False
microsoft/deberta-v3-small,polarity,news,-0.01629116375975523,0.7969120388197359,False
microsoft/deberta-v3-small,polarity,reviews,0.3391466969821252,3.360623688054037e-08,True
microsoft/deberta-v3-small,polarity,qa,-0.24367271960680886,9.305493038335575e-05,True
microsoft/deberta-v3-small,subjectivity,abstracts,-0.06644646015519974,0.29338612604383646,False
microsoft/deberta-v3-small,subjectivity,news,-0.08156908466639004,0.19684830488042113,False
microsoft/deberta-v3-small,subjectivity,reviews,0.18138464134605503,0.0038637126347264962,True
microsoft/deberta-v3-small,subjectivity,qa,-0.13044526234150958,0.03851709232957195,True
microsoft/deberta-v3-small,POS_VERB,abstracts,-0.1407441670704634,0.025465353879129054,True
microsoft/deberta-v3-small,POS_VERB,news,0.06680564898488081,0.29077869099513526,False
microsoft/deberta-v3-small,POS_VERB,reviews,0.12678570688860752,0.044349129714509126,True
microsoft/deberta-v3-small,POS_VERB,qa,-0.15219164289298548,0.015603570386978344,True
microsoft/deberta-v3-small,POS_NOUN,abstracts,-0.008732216420060682,0.8902932937297823,False
microsoft/deberta-v3-small,POS_NOUN,news,-0.131364265949623,0.037158817580769374,True
microsoft/deberta-v3-small,POS_NOUN,reviews,-0.07612958453228746,0.2284892018430089,False
microsoft/deberta-v3-small,POS_NOUN,qa,-0.0923123026402307,0.14394721507275976,False
microsoft/deberta-v3-small,POS_ADJ,abstracts,0.08531755404142709,0.17698275278133302,False
microsoft/deberta-v3-small,POS_ADJ,news,-0.13883056548744097,0.02755306295677135,True
microsoft/deberta-v3-small,POS_ADJ,reviews,0.014418973078704683,0.8198266392516323,False
microsoft/deberta-v3-small,POS_ADJ,qa,-0.18888310772067546,0.002606755453414048,True
microsoft/deberta-v3-small,POS_ADV,abstracts,-0.06035660920419404,0.33996307651591945,False
microsoft/deberta-v3-small,POS_ADV,news,-0.0015998853289611358,0.9798386929998096,False
microsoft/deberta-v3-small,POS_ADV,reviews,0.1263944070696632,0.04501441692616,True
microsoft/deberta-v3-small,POS_ADV,qa,-0.17281241643089884,0.005952320457424659,True
microsoft/deberta-v3-small,POS_DET,abstracts,0.19564091777845552,0.0018056118867142478,True
microsoft/deberta-v3-small,POS_DET,news,0.0317205775127529,0.6162506257747177,False
microsoft/deberta-v3-small,POS_DET,reviews,-0.1877632694372031,0.0027671073725967594,True
microsoft/deberta-v3-small,POS_DET,qa,-0.11388264860754316,0.07111870333020487,False
microsoft/deberta-v3-small,POS_INTJ,abstracts,-0.10619916391796284,0.09252262585735857,False
microsoft/deberta-v3-small,POS_INTJ,news,0.0738007937769436,0.24308147465944163,False
microsoft/deberta-v3-small,POS_INTJ,reviews,-0.10634900083083995,0.09206086833416063,False
microsoft/deberta-v3-small,POS_INTJ,qa,0.021030217479936983,0.7397221350442097,False
microsoft/deberta-v3-small,POS_CONJ,abstracts,-0.038629583991482544,0.5415937120803772,False
microsoft/deberta-v3-small,POS_CONJ,news,-0.00535487740103989,0.9325920981985905,False
microsoft/deberta-v3-small,POS_CONJ,reviews,-0.1701247771387296,0.006789802840236467,True
microsoft/deberta-v3-small,POS_CONJ,qa,0.014392515731699626,0.8201516106464048,False
microsoft/deberta-v3-small,POS_PART,abstracts,-0.05086894219969778,0.4213823094202913,False
microsoft/deberta-v3-small,POS_PART,news,0.06367359140024616,0.3140387658587505,False
microsoft/deberta-v3-small,POS_PART,reviews,0.15215148595790626,0.01563127503374873,True
microsoft/deberta-v3-small,POS_PART,qa,-0.16011108268669583,0.010912413563298487,True
microsoft/deberta-v3-small,POS_NUM,abstracts,0.0007581918349226086,0.9904446949438371,False
microsoft/deberta-v3-small,POS_NUM,news,0.10034561582349688,0.11205341099069026,False
microsoft/deberta-v3-small,POS_NUM,reviews,0.2337970336133975,0.0001803971954737591,True
microsoft/deberta-v3-small,POS_NUM,qa,0.22229062945485786,0.00037682843341824585,True
microsoft/deberta-v3-small,POS_PREP,abstracts,0.06634614721344426,0.29411709804973296,False
microsoft/deberta-v3-small,POS_PREP,news,-0.031805595744450514,0.6153051967571992,False
microsoft/deberta-v3-small,POS_PREP,reviews,-0.15262892597237282,0.015304653546502367,True
microsoft/deberta-v3-small,POS_PREP,qa,0.0739579994851737,0.242076388976458,False
microsoft/deberta-v3-small,POS_PRO,abstracts,-0.03473074893000961,0.5831714772999117,False
microsoft/deberta-v3-small,POS_PRO,news,0.09731080680661722,0.12338009665580459,False
microsoft/deberta-v3-small,POS_PRO,reviews,0.053700714567605876,0.3959664985637289,False
microsoft/deberta-v3-small,POS_PRO,qa,-0.16591757851181532,0.008313089335793066,True
microsoft/deberta-v3-small,G_PASSIVE,abstracts,0.09674783435464372,0.12557572290942662,False
microsoft/deberta-v3-small,G_PASSIVE,news,0.039259473179898655,0.535017134106648,False
microsoft/deberta-v3-small,G_PASSIVE,reviews,-0.038605497319610695,0.5418459913635923,False
microsoft/deberta-v3-small,G_PASSIVE,qa,0.24223137616323692,0.00010267169211484018,True
microsoft/deberta-v3-small,G_ACTIVE,abstracts,-0.0408042059270204,0.519060100513152,False
microsoft/deberta-v3-small,G_ACTIVE,news,0.11751042593505193,0.06251797500336616,False
microsoft/deberta-v3-small,G_ACTIVE,reviews,0.12487863716336477,0.047670996247401114,True
microsoft/deberta-v3-small,G_ACTIVE,qa,-0.12151989961023016,0.05402652978785334,False
microsoft/deberta-v3-small,G_PRESENT,abstracts,0.009943101675861696,0.8751967816961816,False
microsoft/deberta-v3-small,G_PRESENT,news,0.025779110084834425,0.6838142328344925,False
microsoft/deberta-v3-small,G_PRESENT,reviews,0.2167870804005905,0.0005290835734273316,True
microsoft/deberta-v3-small,G_PRESENT,qa,-0.09632012162732813,0.1272639653780147,False
microsoft/deberta-v3-small,G_PAST,abstracts,-0.044375449278037174,0.4831272156060809,False
microsoft/deberta-v3-small,G_PAST,news,0.19948968624304989,0.001457015100112797,True
microsoft/deberta-v3-small,G_PAST,reviews,-0.05407239632103149,0.39270028534530305,False
microsoft/deberta-v3-small,G_PAST,qa,0.11395566084743655,0.0709365563274077,False
microsoft/deberta-v3-small,G_FUTURE,abstracts,-0.011305615434447028,0.8582639529899746,False
microsoft/deberta-v3-small,G_FUTURE,news,0.06722849428458585,0.2877290730309017,False
microsoft/deberta-v3-small,G_FUTURE,reviews,0.22169431263673992,0.00039109966534850205,True
microsoft/deberta-v3-small,G_FUTURE,qa,-0.05324259637393052,0.40001464681360194,False
microsoft/deberta-v3-small,L_CONT_A,abstracts,-0.04810951305294854,0.4470404376333803,False
microsoft/deberta-v3-small,L_CONT_A,news,-0.08084625162733335,0.20085880626470293,False
microsoft/deberta-v3-small,L_CONT_A,reviews,0.0037999078271915288,0.9521381261289962,False
microsoft/deberta-v3-small,L_CONT_A,qa,-0.016449829320366698,0.7949777367452393,False
microsoft/deberta-v3-small,L_FUNC_A,abstracts,0.050030358056373805,0.42908749073168406,False
microsoft/deberta-v3-small,L_FUNC_A,news,0.08620599044949796,0.17249992978108042,False
microsoft/deberta-v3-small,L_FUNC_A,reviews,-0.026534132496095847,0.675072919982804,False
microsoft/deberta-v3-small,L_FUNC_A,qa,-0.14443304464435489,0.02182252198300001,True
microsoft/deberta-v3-small,L_CONT_T,abstracts,-0.05045999019119525,0.42512976711846345,False
microsoft/deberta-v3-small,L_CONT_T,news,-0.10420866120223202,0.0988338680207134,False
microsoft/deberta-v3-small,L_CONT_T,reviews,0.04255344631031249,0.5012900964789536,False
microsoft/deberta-v3-small,L_CONT_T,qa,-0.06811861678858991,0.28137970299351345,False
microsoft/deberta-v3-small,L_FUNC_T,abstracts,-0.06433286123362283,0.3090443606063495,False
microsoft/deberta-v3-small,L_FUNC_T,news,-0.06370451785853322,0.31380330430855913,False
microsoft/deberta-v3-small,L_FUNC_T,reviews,0.14392621262236338,0.022294663123586553,True
microsoft/deberta-v3-small,L_FUNC_T,qa,-0.006271564055226015,0.9210874579277699,False
microsoft/deberta-v3-small,L_PROPER_NAME,abstracts,-0.01904455786975416,0.7635309983869765,False
microsoft/deberta-v3-small,L_PROPER_NAME,news,0.026585613977993243,0.6744784575899537,False
microsoft/deberta-v3-small,L_PROPER_NAME,reviews,-0.010080123581572537,0.8734912191242818,False
microsoft/deberta-v3-small,L_PROPER_NAME,qa,0.19442818137524484,0.0019303092022090857,True
microsoft/deberta-v3-small,L_PERSONAL_NAME,abstracts,-0.03162518798427951,0.6173121404904932,False
microsoft/deberta-v3-small,L_PERSONAL_NAME,news,0.01925179827383624,0.7610352474936676,False
microsoft/deberta-v3-small,L_PERSONAL_NAME,reviews,0.16148951079747664,0.010237668881939287,True
microsoft/deberta-v3-small,L_PERSONAL_NAME,qa,0.18533605404920678,0.0031458142083469905,True
microsoft/deberta-v3-small,L_POSSESSIVES,abstracts,-0.09780129408070218,0.1214915562656735,False
microsoft/deberta-v3-small,L_POSSESSIVES,news,-0.0474226121654342,0.45356210755437854,False
microsoft/deberta-v3-small,L_POSSESSIVES,reviews,0.10578957741316493,0.09379430002791056,False
microsoft/deberta-v3-small,L_POSSESSIVES,qa,-0.09493730926498152,0.13284238478542437,False
microsoft/deberta-v3-small,L_ADJ_POSITIVE,abstracts,0.08482592473871266,0.1795001732955472,False
microsoft/deberta-v3-small,L_ADJ_POSITIVE,news,-0.14634719943567298,0.020116551052238873,True
microsoft/deberta-v3-small,L_ADJ_POSITIVE,reviews,0.007181264353638139,0.9096866968659351,False
microsoft/deberta-v3-small,L_ADJ_POSITIVE,qa,-0.17481596707722774,0.005389514609137645,True
microsoft/deberta-v3-small,L_ADJ_COMPARATIVE,abstracts,-0.08552706513043104,0.1759179186086064,False
microsoft/deberta-v3-small,L_ADJ_COMPARATIVE,news,0.0814027243110351,0.19776611978580583,False
microsoft/deberta-v3-small,L_ADJ_COMPARATIVE,reviews,0.05846681015586316,0.3553257597343034,False
microsoft/deberta-v3-small,L_ADJ_COMPARATIVE,qa,-0.2522803581105788,5.10804428815302e-05,True
microsoft/deberta-v3-small,L_ADJ_SUPERLATIVE,abstracts,-0.047060780291765594,0.45701880334820905,False
microsoft/deberta-v3-small,L_ADJ_SUPERLATIVE,news,0.045421667737655116,0.47286063394669736,False
microsoft/deberta-v3-small,L_ADJ_SUPERLATIVE,reviews,0.20755704402576308,0.000917563142786068,True
microsoft/deberta-v3-small,L_ADJ_SUPERLATIVE,qa,0.25508388863436543,4.182111606717267e-05,True
microsoft/deberta-v3-small,L_ADV_POSITIVE,abstracts,-0.03860070751691903,0.5418961658052949,False
microsoft/deberta-v3-small,L_ADV_POSITIVE,news,0.006747171840618257,0.9151247732569165,False
microsoft/deberta-v3-small,L_ADV_POSITIVE,reviews,0.12061564198897635,0.055852937503109316,False
microsoft/deberta-v3-small,L_ADV_POSITIVE,qa,-0.1630933375031469,0.00949926901082663,True
microsoft/deberta-v3-small,L_ADV_COMPARATIVE,abstracts,-0.05770258471738612,0.3616600839957708,False
microsoft/deberta-v3-small,L_ADV_COMPARATIVE,news,-0.00577733407279462,0.9272882792381703,False
microsoft/deberta-v3-small,L_ADV_COMPARATIVE,reviews,0.12633705061033465,0.0451126336294752,True
microsoft/deberta-v3-small,L_ADV_COMPARATIVE,qa,-0.18117154796546509,0.003906334145043053,True
microsoft/deberta-v3-small,L_ADV_SUPERLATIVE,abstracts,-0.04966739224716095,0.43244762047154695,False
microsoft/deberta-v3-small,L_ADV_SUPERLATIVE,news,-0.007053039007258342,0.9112926086106787,False
microsoft/deberta-v3-small,L_ADV_SUPERLATIVE,reviews,0.1303187294515817,0.03870735122279839,True
microsoft/deberta-v3-small,L_ADV_SUPERLATIVE,qa,-0.16883870124595088,0.007226596712942454,True
microsoft/deberta-v3-small,ST_REPETITIONS_WORDS,abstracts,0.05922299810769138,0.34912699411056436,False
microsoft/deberta-v3-small,ST_REPETITIONS_WORDS,news,0.11015299291268307,0.08094211935718507,False
microsoft/deberta-v3-small,ST_REPETITIONS_WORDS,reviews,-0.1811232748254641,0.003916048191334807,True
microsoft/deberta-v3-small,ST_REPETITIONS_WORDS,qa,0.013827859269205212,0.8270944281801871,False
microsoft/deberta-v3-small,ST_REPETITIONS_SENT,abstracts,,,False
microsoft/deberta-v3-small,ST_REPETITIONS_SENT,news,,,False
microsoft/deberta-v3-small,ST_REPETITIONS_SENT,reviews,,,False
microsoft/deberta-v3-small,ST_REPETITIONS_SENT,qa,,,False
microsoft/deberta-v3-small,L_I_PRON,abstracts,-0.10821830129218346,0.0864534999618828,False
microsoft/deberta-v3-small,L_I_PRON,news,0.16349193569351017,0.00932324415738326,True
microsoft/deberta-v3-small,L_I_PRON,reviews,-0.010357654881167529,0.8700384819166038,False
microsoft/deberta-v3-small,L_I_PRON,qa,0.08008474124685969,0.20514765584752806,False
microsoft/deberta-v3-small,L_HE_PRON,abstracts,-0.02566340729993951,0.6851575539050431,False
microsoft/deberta-v3-small,L_HE_PRON,news,0.1675095343520622,0.007704199292029596,True
microsoft/deberta-v3-small,L_HE_PRON,reviews,0.2572060474710184,3.589068825836286e-05,True
microsoft/deberta-v3-small,L_HE_PRON,qa,0.016559238193786564,0.7936446547446971,False
microsoft/deberta-v3-small,L_SHE_PRON,abstracts,0.0555006665465557,0.38030093521321373,False
microsoft/deberta-v3-small,L_SHE_PRON,news,0.17931818889336756,0.0042953146589455645,True
microsoft/deberta-v3-small,L_SHE_PRON,reviews,0.27662209634145213,8.323958334862943e-06,True
microsoft/deberta-v3-small,L_SHE_PRON,qa,0.04111979744242432,0.5158303678285633,False
microsoft/deberta-v3-small,L_IT_PRON,abstracts,-0.10531631457718982,0.0952809845293772,False
microsoft/deberta-v3-small,L_IT_PRON,news,0.04460197451422391,0.4808941613414068,False
microsoft/deberta-v3-small,L_IT_PRON,reviews,-0.06053213706700272,0.3385579670351929,False
microsoft/deberta-v3-small,L_IT_PRON,qa,-0.19925713021452568,0.0014761874147952157,True
microsoft/deberta-v3-small,L_YOU_PRON,abstracts,-0.11490522644009807,0.06860207670261574,False
microsoft/deberta-v3-small,L_YOU_PRON,news,-0.021277396186683083,0.7367751150923906,False
microsoft/deberta-v3-small,L_YOU_PRON,reviews,0.13417735249810203,0.033250422775183565,True
microsoft/deberta-v3-small,L_YOU_PRON,qa,-0.07080457575201865,0.2627965745601398,False
microsoft/deberta-v3-small,L_WE_PRON,abstracts,0.014711604924436263,0.8162343516581668,False
microsoft/deberta-v3-small,L_WE_PRON,news,0.07608649965223682,0.2287534162990466,False
microsoft/deberta-v3-small,L_WE_PRON,reviews,0.1665671475768716,0.008059655929145895,True
microsoft/deberta-v3-small,L_WE_PRON,qa,-0.1778092813248492,0.004637415890433028,True
microsoft/deberta-v3-small,L_THEY_PRON,abstracts,-0.10390029770041849,0.09984145069461647,False
microsoft/deberta-v3-small,L_THEY_PRON,news,0.07063792966664534,0.2639244262252527,False
microsoft/deberta-v3-small,L_THEY_PRON,reviews,0.06850759830357533,0.2786349446220651,False
microsoft/deberta-v3-small,L_THEY_PRON,qa,-0.09161311195169537,0.14702117936612666,False
microsoft/deberta-v3-small,L_ME_PRON,abstracts,-0.0994316324508327,0.11537537407211042,False
microsoft/deberta-v3-small,L_ME_PRON,news,0.05159845599871973,0.4147454050973125,False
microsoft/deberta-v3-small,L_ME_PRON,reviews,-0.08323817475375744,0.18781099715879804,False
microsoft/deberta-v3-small,L_ME_PRON,qa,-0.07232345682531528,0.2526692921308347,False
microsoft/deberta-v3-small,L_YOU_OBJ_PRON,abstracts,-0.12944004731550843,0.040050580676275316,True
microsoft/deberta-v3-small,L_YOU_OBJ_PRON,news,0.07708174978539818,0.2227051871819627,False
microsoft/deberta-v3-small,L_YOU_OBJ_PRON,reviews,0.1029970858980608,0.1028396176968263,False
microsoft/deberta-v3-small,L_YOU_OBJ_PRON,qa,-0.12433857958224241,0.04864862817756271,True
microsoft/deberta-v3-small,L_HIM_PRON,abstracts,-0.04054848402609445,0.5216847253742399,False
microsoft/deberta-v3-small,L_HIM_PRON,news,0.1287368723005137,0.04115363290332903,True
microsoft/deberta-v3-small,L_HIM_PRON,reviews,0.20172546523404397,0.001283993761062775,True
microsoft/deberta-v3-small,L_HIM_PRON,qa,-0.02924162995921189,0.6440903107996636,False
microsoft/deberta-v3-small,L_HER_OBJECT_PRON,abstracts,-0.08565774170680451,0.1752561676380789,False
microsoft/deberta-v3-small,L_HER_OBJECT_PRON,news,0.13387557779004136,0.03365222141429658,True
microsoft/deberta-v3-small,L_HER_OBJECT_PRON,reviews,0.1745790434463837,0.005453480321648788,True
microsoft/deberta-v3-small,L_HER_OBJECT_PRON,qa,-0.05125449112806156,0.417867012085792,False
microsoft/deberta-v3-small,L_IT_OBJECT_PRON,abstracts,-0.07130120569908974,0.2594550457440467,False
microsoft/deberta-v3-small,L_IT_OBJECT_PRON,news,0.11310644922976065,0.0730787834467693,False
microsoft/deberta-v3-small,L_IT_OBJECT_PRON,reviews,0.13233575067560527,0.03576727010069598,True
microsoft/deberta-v3-small,L_IT_OBJECT_PRON,qa,-0.09819514271757189,0.11999143658273574,False
microsoft/deberta-v3-small,L_US_PRON,abstracts,-0.05840450676430206,0.3558395444454754,False
microsoft/deberta-v3-small,L_US_PRON,news,0.043427501555795556,0.49253236732271377,False
microsoft/deberta-v3-small,L_US_PRON,reviews,0.13407252918186785,0.033389525025463884,True
microsoft/deberta-v3-small,L_US_PRON,qa,-0.16193052984940653,0.01002972438688223,True
microsoft/deberta-v3-small,L_THEM_PRON,abstracts,-0.1228866959106858,0.05136014390321983,False
microsoft/deberta-v3-small,L_THEM_PRON,news,0.058001661634555036,0.35917283629622393,False
microsoft/deberta-v3-small,L_THEM_PRON,reviews,-0.017796658320781922,0.7786100046319184,False
microsoft/deberta-v3-small,L_THEM_PRON,qa,-0.1495451574122323,0.017523920054975408,True
microsoft/deberta-v3-small,L_MY_PRON,abstracts,-0.09203515516601822,0.145159770609627,False
microsoft/deberta-v3-small,L_MY_PRON,news,0.18666042607622696,0.002933727400223797,True
microsoft/deberta-v3-small,L_MY_PRON,reviews,0.0435920123738173,0.49089319199931886,False
microsoft/deberta-v3-small,L_MY_PRON,qa,0.1929034666282794,0.002098223627841852,True
microsoft/deberta-v3-small,L_YOUR_PRON,abstracts,-0.09830767390426808,0.11956547865421088,False
microsoft/deberta-v3-small,L_YOUR_PRON,news,0.015199310216314287,0.8102559385278068,False
microsoft/deberta-v3-small,L_YOUR_PRON,reviews,0.08747997968084756,0.16621979540431178,False
microsoft/deberta-v3-small,L_YOUR_PRON,qa,-0.05845956659984503,0.3553854697809873,False
microsoft/deberta-v3-small,L_HIS_PRON,abstracts,-0.1045753075776476,0.09764636367258661,False
microsoft/deberta-v3-small,L_HIS_PRON,news,-0.030721174111436954,0.6274114230197171,False
microsoft/deberta-v3-small,L_HIS_PRON,reviews,0.24493387218362808,8.534051542949224e-05,True
microsoft/deberta-v3-small,L_HIS_PRON,qa,-0.055335641766379076,0.3817212352071149,False
microsoft/deberta-v3-small,L_HER_PRON,abstracts,-0.00877566130619064,0.8897509339531641,False
microsoft/deberta-v3-small,L_HER_PRON,news,0.009189884695021138,0.8845824390905931,False
microsoft/deberta-v3-small,L_HER_PRON,reviews,0.24117434273940225,0.00011030865690196891,True
microsoft/deberta-v3-small,L_HER_PRON,qa,-0.039617750893144246,0.5312943523622387,False
microsoft/deberta-v3-small,L_ITS_PRON,abstracts,-0.04161124236308564,0.510821683136466,False
microsoft/deberta-v3-small,L_ITS_PRON,news,-0.032778561417616224,0.6045310076588707,False
microsoft/deberta-v3-small,L_ITS_PRON,reviews,-0.2114012739591894,0.000731589688583388,True
microsoft/deberta-v3-small,L_ITS_PRON,qa,-0.11025010195487966,0.0806731354090488,False
microsoft/deberta-v3-small,L_OUR_PRON,abstracts,0.009141285492809695,0.8851885898766687,False
microsoft/deberta-v3-small,L_OUR_PRON,news,0.03849465122789559,0.5430077233036501,False
microsoft/deberta-v3-small,L_OUR_PRON,reviews,0.07548337895430494,0.2324747178404,False
microsoft/deberta-v3-small,L_OUR_PRON,qa,-0.22314469520853053,0.0003572297908576009,True
microsoft/deberta-v3-small,L_THEIR_PRON,abstracts,-0.015139062289135346,0.8109938848118924,False
microsoft/deberta-v3-small,L_THEIR_PRON,news,-0.030417490406586215,0.63081981155605,False
microsoft/deberta-v3-small,L_THEIR_PRON,reviews,-0.12106781835957371,0.05493334710142103,False
microsoft/deberta-v3-small,L_THEIR_PRON,qa,-0.14805769866293866,0.01869119426819827,True
microsoft/deberta-v3-small,L_YOURS_PRON,abstracts,,,False
microsoft/deberta-v3-small,L_YOURS_PRON,news,-0.05577621605026977,0.37793660047429223,False
microsoft/deberta-v3-small,L_YOURS_PRON,reviews,0.09614131680603666,0.12797491459174465,False
microsoft/deberta-v3-small,L_YOURS_PRON,qa,-0.11697357085319347,0.06373405343192444,False
microsoft/deberta-v3-small,L_THEIRS_PRON,abstracts,-0.09980868169090878,0.11399574183294112,False
microsoft/deberta-v3-small,L_THEIRS_PRON,news,-0.0497172873684338,0.4319848242170085,False
microsoft/deberta-v3-small,L_THEIRS_PRON,reviews,0.11900948977342526,0.05922297626502291,False
microsoft/deberta-v3-small,L_THEIRS_PRON,qa,-0.03386549887536822,0.5925953131478715,False
microsoft/deberta-v3-small,L_HERS_PRON,abstracts,,,False
microsoft/deberta-v3-small,L_HERS_PRON,news,-0.008585776042981198,0.8921218090339286,False
microsoft/deberta-v3-small,L_HERS_PRON,reviews,0.1786266550777213,0.004449171770978477,True
microsoft/deberta-v3-small,L_HERS_PRON,qa,0.05562016178570811,0.37927450671837326,False
microsoft/deberta-v3-small,L_OURS_PRON,abstracts,-0.041980888723511606,0.5070710547761106,False
microsoft/deberta-v3-small,L_OURS_PRON,news,0.01858298679383797,0.769098349106994,False
microsoft/deberta-v3-small,L_OURS_PRON,reviews,0.18497104670302855,0.003206660162002923,True
microsoft/deberta-v3-small,L_OURS_PRON,qa,-0.10778651373867269,0.0877237563835591,False
microsoft/deberta-v3-small,L_MYSELF_PRON,abstracts,-0.12005024243490009,0.05702068500401709,False
microsoft/deberta-v3-small,L_MYSELF_PRON,news,0.23145823300055846,0.00021016364904912648,True
microsoft/deberta-v3-small,L_MYSELF_PRON,reviews,-0.07313674178593257,0.24735920729445376,False
microsoft/deberta-v3-small,L_MYSELF_PRON,qa,-0.09926400126790723,0.11599291619909385,False
microsoft/deberta-v3-small,L_YOURSELF_PRON,abstracts,-0.09150892185233064,0.14748348689108245,False
microsoft/deberta-v3-small,L_YOURSELF_PRON,news,0.08507066658451512,0.17824366875217318,False
microsoft/deberta-v3-small,L_YOURSELF_PRON,reviews,0.10861598710060344,0.08529666813594866,False
microsoft/deberta-v3-small,L_YOURSELF_PRON,qa,-0.1966898028618767,0.0017037448860576464,True
microsoft/deberta-v3-small,L_HIMSELF_PRON,abstracts,-0.0621324112057453,0.32591895364902274,False
microsoft/deberta-v3-small,L_HIMSELF_PRON,news,-0.01023165198857923,0.871605769280355,False
microsoft/deberta-v3-small,L_HIMSELF_PRON,reviews,0.15377675806791444,0.01454373922428387,True
microsoft/deberta-v3-small,L_HIMSELF_PRON,qa,-0.10702225355516584,0.09000874728797206,False
microsoft/deberta-v3-small,L_HERSELF_PRON,abstracts,0.02187386312357909,0.7296795640150069,False
microsoft/deberta-v3-small,L_HERSELF_PRON,news,-0.039624295590234594,0.5312264695468069,False
microsoft/deberta-v3-small,L_HERSELF_PRON,reviews,0.051137094769301346,0.4189355677195301,False
microsoft/deberta-v3-small,L_HERSELF_PRON,qa,-0.20052491756409868,0.0013744058710801871,True
microsoft/deberta-v3-small,L_ITSELF_PRON,abstracts,-0.1354019469797925,0.03166154912570034,True
microsoft/deberta-v3-small,L_ITSELF_PRON,news,-0.04284697787726633,0.4983398994639265,False
microsoft/deberta-v3-small,L_ITSELF_PRON,reviews,0.01641930193339573,0.7953498011673075,False
microsoft/deberta-v3-small,L_ITSELF_PRON,qa,-0.0660002782665438,0.2966467170236308,False
microsoft/deberta-v3-small,L_OURSELVES_PRON,abstracts,-0.029234272682105808,0.6441737052123716,False
microsoft/deberta-v3-small,L_OURSELVES_PRON,news,0.06327162781113564,0.31710965932145363,False
microsoft/deberta-v3-small,L_OURSELVES_PRON,reviews,0.09492513514881398,0.13289231893919332,False
microsoft/deberta-v3-small,L_OURSELVES_PRON,qa,-0.2095756850518482,0.0008150757454099701,True
microsoft/deberta-v3-small,L_YOURSELVES_PRON,abstracts,,,False
microsoft/deberta-v3-small,L_YOURSELVES_PRON,news,-0.060158428805281564,0.34155397989119146,False
microsoft/deberta-v3-small,L_YOURSELVES_PRON,reviews,0.039670592673535704,0.5307463924824056,False
microsoft/deberta-v3-small,L_YOURSELVES_PRON,qa,-0.18125116795849017,0.003890359666486837,True
microsoft/deberta-v3-small,L_THEMSELVES_PRON,abstracts,-0.1412900021512141,0.0248953863025461,True
microsoft/deberta-v3-small,L_THEMSELVES_PRON,news,-0.03613448911672009,0.5680322514350571,False
microsoft/deberta-v3-small,L_THEMSELVES_PRON,reviews,0.011647531149736455,0.854024587580999,False
microsoft/deberta-v3-small,L_THEMSELVES_PRON,qa,-0.21136866027846668,0.0007330091785782291,True
microsoft/deberta-v3-small,L_FIRST_PERSON_SING_PRON,abstracts,-0.10821830129218346,0.0864534999618828,False
microsoft/deberta-v3-small,L_FIRST_PERSON_SING_PRON,news,0.16349193569351017,0.00932324415738326,True
microsoft/deberta-v3-small,L_FIRST_PERSON_SING_PRON,reviews,-0.010357654881167529,0.8700384819166038,False
microsoft/deberta-v3-small,L_FIRST_PERSON_SING_PRON,qa,0.08008474124685969,0.20514765584752806,False
microsoft/deberta-v3-small,L_SECOND_PERSON_PRON,abstracts,-0.1132729572592971,0.07265465268256066,False
microsoft/deberta-v3-small,L_SECOND_PERSON_PRON,news,-0.0010182004602707143,0.9871681152118135,False
microsoft/deberta-v3-small,L_SECOND_PERSON_PRON,reviews,0.12698397165975658,0.0440152008340896,True
microsoft/deberta-v3-small,L_SECOND_PERSON_PRON,qa,-0.08797262056946799,0.16383769283504312,False
microsoft/deberta-v3-small,L_THIRD_PERSON_SING_PRON,abstracts,-0.11030763088818389,0.0805141257072405,False
microsoft/deberta-v3-small,L_THIRD_PERSON_SING_PRON,news,0.10868162178410226,0.08510694429753188,False
microsoft/deberta-v3-small,L_THIRD_PERSON_SING_PRON,reviews,-0.04762602317784606,0.4516253136422674,False
microsoft/deberta-v3-small,L_THIRD_PERSON_SING_PRON,qa,-0.16275455970002017,0.009651186024354958,True
microsoft/deberta-v3-small,L_THIRD_PERSON_PLURAL_PRON,abstracts,-0.10764203434983644,0.08815211978141843,False
microsoft/deberta-v3-small,L_THIRD_PERSON_PLURAL_PRON,news,0.03357507065800878,0.5957739876401719,False
microsoft/deberta-v3-small,L_THIRD_PERSON_PLURAL_PRON,reviews,0.01829821589955652,0.7725391145236423,False
microsoft/deberta-v3-small,L_THIRD_PERSON_PLURAL_PRON,qa,-0.14969940787383423,0.017406588103557497,True
microsoft/deberta-v3-small,VF_INFINITIVE,abstracts,-0.07768596846366978,0.21908927120504743,False
microsoft/deberta-v3-small,VF_INFINITIVE,news,0.06105467163351839,0.3343970235725218,False
microsoft/deberta-v3-small,VF_INFINITIVE,reviews,0.11146136398967457,0.07737829498778588,False
microsoft/deberta-v3-small,VF_INFINITIVE,qa,-0.13056221073505478,0.03834194812086164,True
xlm-roberta-base,MATTR,abstracts,0.03549489238300474,0.5749070537974601,False
xlm-roberta-base,MATTR,news,-0.03496926474590835,0.5805859572635951,False
xlm-roberta-base,MATTR,reviews,0.20675558163568653,0.0009614488752925647,True
xlm-roberta-base,MATTR,qa,-0.09198573862889764,0.14537678876177307,False
xlm-roberta-base,L_MATTR,abstracts,0.03037506656316981,0.6312965790318236,False
xlm-roberta-base,L_MATTR,news,-0.04397378622408997,0.48710047560286945,False
xlm-roberta-base,L_MATTR,reviews,0.18304985373187466,0.003544844765232711,True
xlm-roberta-base,L_MATTR,qa,-0.09448652715003593,0.13470099396093363,False
xlm-roberta-base,LEX_DEN,abstracts,-0.12051215388433335,0.05606518372429406,False
xlm-roberta-base,LEX_DEN,news,-0.0529778191460526,0.40236557949217294,False
xlm-roberta-base,LEX_DEN,reviews,-0.012056042127865957,0.8489650145995941,False
xlm-roberta-base,LEX_DEN,qa,-0.018852283736644958,0.7658487007374521,False
xlm-roberta-base,UNIQUE_WORDS,abstracts,-0.0946686758931686,0.13394758948631447,False
xlm-roberta-base,UNIQUE_WORDS,news,-0.020002621825344152,0.752014097406113,False
xlm-roberta-base,UNIQUE_WORDS,reviews,-0.004291236644283824,0.9459584525205498,False
xlm-roberta-base,UNIQUE_WORDS,qa,-0.044200898328827044,0.48485172507869956,False
xlm-roberta-base,FLESCH,abstracts,-0.11003546439310498,0.08126863110358908,False
xlm-roberta-base,FLESCH,news,-0.15461625467520965,0.01400841681845197,True
xlm-roberta-base,FLESCH,reviews,0.3887486721098349,1.6184701230897344e-10,True
xlm-roberta-base,FLESCH,qa,0.02334191964687283,0.7123144303472494,False
xlm-roberta-base,GUNNING_FOG,abstracts,0.14564927292607316,0.020724674980323297,True
xlm-roberta-base,GUNNING_FOG,news,-0.05838185568681241,0.35602645185482235,False
xlm-roberta-base,GUNNING_FOG,reviews,-0.4845838017022692,3.0343675714287133e-16,True
xlm-roberta-base,GUNNING_FOG,qa,-0.044574198067017165,0.48116767678287703,False
xlm-roberta-base,AVG_SENT_LEN,abstracts,0.16540167908972264,0.008519394365628782,True
xlm-roberta-base,AVG_SENT_LEN,news,-0.0018145039761515765,0.9771348213957812,False
xlm-roberta-base,AVG_SENT_LEN,reviews,-0.4863521490458407,2.283429666276177e-16,True
xlm-roberta-base,AVG_SENT_LEN,qa,-0.07108033058352253,0.26093755475066666,False
xlm-roberta-base,LONG_SENTS,abstracts,-0.007666355740910546,0.9036147181369042,False
xlm-roberta-base,LONG_SENTS,news,-0.0738409087981694,0.24282472493268342,False
xlm-roberta-base,LONG_SENTS,reviews,-0.35933886500520945,4.271770365144255e-09,True
xlm-roberta-base,LONG_SENTS,qa,-0.0867181041325015,0.16995458659285714,False
xlm-roberta-base,SHORT_SENTS,abstracts,-0.14544135961348786,0.02090888837566658,True
xlm-roberta-base,SHORT_SENTS,news,0.1416903105982639,0.024484390619796362,True
xlm-roberta-base,SHORT_SENTS,reviews,0.31402354806768784,3.5898725885390923e-07,True
xlm-roberta-base,SHORT_SENTS,qa,-0.0468209193292038,0.4593183558702941,False
xlm-roberta-base,SENT_LEN_STD,abstracts,-0.1419895565454885,0.024180985240658454,True
xlm-roberta-base,SENT_LEN_STD,news,-0.04703806091643879,0.45723633852989837,False
xlm-roberta-base,SENT_LEN_STD,reviews,-0.14622397952144794,0.020222777377773195,True
xlm-roberta-base,SENT_LEN_STD,qa,-0.20815096854149945,0.0008862401425337597,True
xlm-roberta-base,len_in_characters,abstracts,-0.09204558232643145,0.14511401011719677,False
xlm-roberta-base,len_in_characters,news,-0.029382251144790487,0.6424972328235522,False
xlm-roberta-base,len_in_characters,reviews,-0.020128991292704367,0.7504990350660597,False
xlm-roberta-base,len_in_characters,qa,-0.046812706143924944,0.4593972097657062,False
xlm-roberta-base,polarity,abstracts,0.0649539834813814,0.30438695542336847,False
xlm-roberta-base,polarity,news,0.05298080871774605,0.4023389894784339,False
xlm-roberta-base,polarity,reviews,0.38271417306968325,3.2544510468026963e-10,True
xlm-roberta-base,polarity,qa,-0.15883560650789655,0.011571449229433928,True
xlm-roberta-base,subjectivity,abstracts,0.03873817093110221,0.5404571169567164,False
xlm-roberta-base,subjectivity,news,-0.04146363274701571,0.5123234247356672,False
xlm-roberta-base,subjectivity,reviews,0.24245749391356317,0.00010110375138732637,True
xlm-roberta-base,subjectivity,qa,-0.046853947499981174,0.45900133210296956,False
xlm-roberta-base,POS_VERB,abstracts,-0.24616372844793072,7.839934567257358e-05,True
xlm-roberta-base,POS_VERB,news,0.051856799530222195,0.41240988072941465,False
xlm-roberta-base,POS_VERB,reviews,0.1541522598576078,0.014302115697278924,True
xlm-roberta-base,POS_VERB,qa,-0.12612065543324968,0.04548480526450923,True
xlm-roberta-base,POS_NOUN,abstracts,-0.057579640207573994,0.3626856464987398,False
xlm-roberta-base,POS_NOUN,news,-0.09705598326914094,0.12437020450974978,False
xlm-roberta-base,POS_NOUN,reviews,-0.12005784629253885,0.057004847489113615,False
xlm-roberta-base,POS_NOUN,qa,-0.041624455097505564,0.510687371819529,False
xlm-roberta-base,POS_ADJ,abstracts,0.17598278986080773,0.00508420969585297,True
xlm-roberta-base,POS_ADJ,news,-0.11837054577879003,0.06060944886929613,False
xlm-roberta-base,POS_ADJ,reviews,0.004993180918057519,0.9371354649219434,False
xlm-roberta-base,POS_ADJ,qa,-0.11116295502257939,0.07817972611562919,False
xlm-roberta-base,POS_ADV,abstracts,-0.06978220754188856,0.26976814513150976,False
xlm-roberta-base,POS_ADV,news,-0.006200087815597041,0.9219839435357849,False
xlm-roberta-base,POS_ADV,reviews,0.14252589309466474,0.0236452964834576,True
xlm-roberta-base,POS_ADV,qa,-0.11572397197283568,0.06663995258517913,False
xlm-roberta-base,POS_DET,abstracts,0.23226767359697353,0.00019937820060199893,True
xlm-roberta-base,POS_DET,news,0.0049166312847126956,0.938097291351782,False
xlm-roberta-base,POS_DET,reviews,-0.07669387266700281,0.2250486801607039,False
xlm-roberta-base,POS_DET,qa,-0.07677926561815882,0.22453125221508036,False
xlm-roberta-base,POS_INTJ,abstracts,-0.18493352434155255,0.003212975101588632,True
xlm-roberta-base,POS_INTJ,news,0.08216896856227673,0.19356447633636503,False
xlm-roberta-base,POS_INTJ,reviews,-0.08533467014775045,0.17689558202080016,False
xlm-roberta-base,POS_INTJ,qa,0.02612933393886565,0.6797541715206441,False
xlm-roberta-base,POS_CONJ,abstracts,0.06753227545942292,0.28555144704423174,False
xlm-roberta-base,POS_CONJ,news,0.014099593509138357,0.8237515670893346,False
xlm-roberta-base,POS_CONJ,reviews,-0.21380065874292664,0.0006338548707490505,True
xlm-roberta-base,POS_CONJ,qa,0.021365297026313637,0.735728030293249,False
xlm-roberta-base,POS_PART,abstracts,-0.07444572026311155,0.23897668151218146,False
xlm-roberta-base,POS_PART,news,0.07921762448744855,0.21011140459898747,False
xlm-roberta-base,POS_PART,reviews,0.1888552283320312,0.0026106428229113227,True
xlm-roberta-base,POS_PART,qa,-0.09593411219043453,0.12880262016614558,False
xlm-roberta-base,POS_NUM,abstracts,-0.078577262002693,0.21383218010759078,False
xlm-roberta-base,POS_NUM,news,0.08370786781107598,0.18532359123307549,False
xlm-roberta-base,POS_NUM,reviews,0.3026619554341302,9.77883475166741e-07,True
xlm-roberta-base,POS_NUM,qa,0.14980222861546885,0.017328757476883387,True
xlm-roberta-base,POS_PREP,abstracts,0.13548966079408808,0.03155026983553664,True
xlm-roberta-base,POS_PREP,news,-0.0705018032445086,0.2648481815318471,False
xlm-roberta-base,POS_PREP,reviews,-0.21104515070756846,0.0007472280913528406,True
xlm-roberta-base,POS_PREP,qa,0.04528504874462176,0.47419446870893356,False
xlm-roberta-base,POS_PRO,abstracts,0.07344401310554706,0.2453733384309109,False
xlm-roberta-base,POS_PRO,news,0.07459667248011993,0.23802297055053295,False
xlm-roberta-base,POS_PRO,reviews,0.116990932112607,0.06369442522186938,False
xlm-roberta-base,POS_PRO,qa,-0.11190437196925083,0.07620079990764683,False
xlm-roberta-base,G_PASSIVE,abstracts,-0.006292487098273895,0.9208250509678277,False
xlm-roberta-base,G_PASSIVE,news,0.04609441458479305,0.46632252818283226,False
xlm-roberta-base,G_PASSIVE,reviews,0.04164320767472576,0.510496777881173,False
xlm-roberta-base,G_PASSIVE,qa,0.159105719509215,0.011429023653112555,True
xlm-roberta-base,G_ACTIVE,abstracts,0.03859467551377215,0.5419593559010684,False
xlm-roberta-base,G_ACTIVE,news,0.10328954031002052,0.10186113529805906,False
xlm-roberta-base,G_ACTIVE,reviews,0.18617096955561252,0.0030105501404263,True
xlm-roberta-base,G_ACTIVE,qa,-0.08669351984621046,0.17007613412851005,False
xlm-roberta-base,G_PRESENT,abstracts,0.09997416431304863,0.11339432847883493,False
xlm-roberta-base,G_PRESENT,news,0.053705117081933484,0.3959277155696039,False
xlm-roberta-base,G_PRESENT,reviews,0.3060457217053038,7.287492207534729e-07,True
xlm-roberta-base,G_PRESENT,qa,-0.07923593429287394,0.21000570623871212,False
xlm-roberta-base,G_PAST,abstracts,-0.04476544888538777,0.4792861313958513,False
xlm-roberta-base,G_PAST,news,0.1333179116611474,0.03440559343963739,True
xlm-roberta-base,G_PAST,reviews,-0.03255982915072253,0.6069458137359687,False
xlm-roberta-base,G_PAST,qa,0.07764740565060707,0.2193187889383167,False
xlm-roberta-base,G_FUTURE,abstracts,-0.18191519615661006,0.0037594130346580885,True
xlm-roberta-base,G_FUTURE,news,0.10719668755557583,0.0894830736538757,False
xlm-roberta-base,G_FUTURE,reviews,0.2705425175846265,1.3315059780449525e-05,True
xlm-roberta-base,G_FUTURE,qa,-0.03750430868590113,0.5534414935145151,False
xlm-roberta-base,L_CONT_A,abstracts,-0.07604488350578464,0.2290088290831491,False
xlm-roberta-base,L_CONT_A,news,-0.05053565991422404,0.42443490766870523,False
xlm-roberta-base,L_CONT_A,reviews,-0.03913003712144349,0.5363652822151866,False
xlm-roberta-base,L_CONT_A,qa,-0.011095511141998513,0.8608710316979171,False
xlm-roberta-base,L_FUNC_A,abstracts,0.1246069540179323,0.048160735378515035,True
xlm-roberta-base,L_FUNC_A,news,0.056249879255149085,0.3738934547962372,False
xlm-roberta-base,L_FUNC_A,reviews,0.03392852497645639,0.5919065281401902,False
xlm-roberta-base,L_FUNC_A,qa,-0.10035670354557133,0.11201357688963551,False
xlm-roberta-base,L_CONT_T,abstracts,0.02951205395219514,0.6410281639729615,False
xlm-roberta-base,L_CONT_T,news,-0.04958044106685478,0.43325480733753463,False
xlm-roberta-base,L_CONT_T,reviews,-0.029518084510424675,0.6409599458448448,False
xlm-roberta-base,L_CONT_T,qa,-0.03483932213484655,0.5819938782018645,False
xlm-roberta-base,L_FUNC_T,abstracts,0.021186776752972397,0.7378550928602644,False
xlm-roberta-base,L_FUNC_T,news,0.03460537600409698,0.5845326605288047,False
xlm-roberta-base,L_FUNC_T,reviews,0.12644572565752166,0.04492669139762754,True
xlm-roberta-base,L_FUNC_T,qa,-0.009741526521979918,0.8777069080699305,False
xlm-roberta-base,L_PROPER_NAME,abstracts,-0.10324876010099239,0.10199713245160251,False
xlm-roberta-base,L_PROPER_NAME,news,0.043576609071415626,0.49104654578895723,False
xlm-roberta-base,L_PROPER_NAME,reviews,-0.04891282937081026,0.4394811852705763,False
xlm-roberta-base,L_PROPER_NAME,qa,0.11124356448015803,0.07796257560444558,False
xlm-roberta-base,L_PERSONAL_NAME,abstracts,-0.16331426466218787,0.009401344909980085,True
xlm-roberta-base,L_PERSONAL_NAME,news,0.03882121651187853,0.5395886677408558,False
xlm-roberta-base,L_PERSONAL_NAME,reviews,0.16206761937845696,0.009965851680987098,True
xlm-roberta-base,L_PERSONAL_NAME,qa,0.11343203249703476,0.07225132753393113,False
xlm-roberta-base,L_POSSESSIVES,abstracts,-0.06724987074195303,0.2875754747215207,False
xlm-roberta-base,L_POSSESSIVES,news,-0.0050313369603877806,0.9366560780372685,False
xlm-roberta-base,L_POSSESSIVES,reviews,0.2315256871554079,0.00020924446118280422,True
xlm-roberta-base,L_POSSESSIVES,qa,-0.05452802843033179,0.38871856785419034,False
xlm-roberta-base,L_ADJ_POSITIVE,abstracts,0.17445779856059554,0.005486477347109014,True
xlm-roberta-base,L_ADJ_POSITIVE,news,-0.13123513061044562,0.03734719504448718,True
xlm-roberta-base,L_ADJ_POSITIVE,reviews,0.0012346342522246284,0.9844408190469336,False
xlm-roberta-base,L_ADJ_POSITIVE,qa,-0.0952414927687826,0.13159940796695785,False
xlm-roberta-base,L_ADJ_COMPARATIVE,abstracts,-0.14174924548334056,0.024424378591450684,True
xlm-roberta-base,L_ADJ_COMPARATIVE,news,0.1165342114886089,0.06474367695324723,False
xlm-roberta-base,L_ADJ_COMPARATIVE,reviews,0.06881336858016757,0.27649009950445885,False
xlm-roberta-base,L_ADJ_COMPARATIVE,qa,-0.22372122794312516,0.0003445401136596986,True
xlm-roberta-base,L_ADJ_SUPERLATIVE,abstracts,-0.12705398795224196,0.043897780620136155,True
xlm-roberta-base,L_ADJ_SUPERLATIVE,news,-0.014438325083204986,0.8195889611200116,False
xlm-roberta-base,L_ADJ_SUPERLATIVE,reviews,0.22303369165786613,0.00035972234996109757,True
xlm-roberta-base,L_ADJ_SUPERLATIVE,qa,0.15372042484277457,0.014580294782520565,True
xlm-roberta-base,L_ADV_POSITIVE,abstracts,-0.04376742101610792,0.48914864617983395,False
xlm-roberta-base,L_ADV_POSITIVE,news,0.0016641426718108296,0.9790291217401452,False
xlm-roberta-base,L_ADV_POSITIVE,reviews,0.1377067989575095,0.02884618673802945,True
xlm-roberta-base,L_ADV_POSITIVE,qa,-0.10713771333187869,0.08966052249189133,False
xlm-roberta-base,L_ADV_COMPARATIVE,abstracts,-0.06373288312093375,0.3135874442048725,False
xlm-roberta-base,L_ADV_COMPARATIVE,news,-0.006999719145795964,0.911960500251153,False
xlm-roberta-base,L_ADV_COMPARATIVE,reviews,0.14173566883549424,0.024438192133689602,True
xlm-roberta-base,L_ADV_COMPARATIVE,qa,-0.12253176823773587,0.052041796340681235,False
xlm-roberta-base,L_ADV_SUPERLATIVE,abstracts,-0.05892517210536652,0.35156019498214597,False
xlm-roberta-base,L_ADV_SUPERLATIVE,news,-0.011447918666965057,0.8564990541276548,False
xlm-roberta-base,L_ADV_SUPERLATIVE,reviews,0.14853227664208637,0.01831163518015729,True
xlm-roberta-base,L_ADV_SUPERLATIVE,qa,-0.10940117945581354,0.08304915437516618,False
xlm-roberta-base,ST_REPETITIONS_WORDS,abstracts,-0.012893858205399011,0.8386078705623349,False
xlm-roberta-base,ST_REPETITIONS_WORDS,news,0.03296040896722971,0.6025266775924113,False
xlm-roberta-base,ST_REPETITIONS_WORDS,reviews,-0.10671155582602221,0.09095118178695255,False
xlm-roberta-base,ST_REPETITIONS_WORDS,qa,0.004485970988152128,0.9435100605097083,False
xlm-roberta-base,ST_REPETITIONS_SENT,abstracts,,,False
xlm-roberta-base,ST_REPETITIONS_SENT,news,,,False
xlm-roberta-base,ST_REPETITIONS_SENT,reviews,,,False
xlm-roberta-base,ST_REPETITIONS_SENT,qa,,,False
xlm-roberta-base,L_I_PRON,abstracts,-0.1992804530504402,0.0014742542680560348,True
xlm-roberta-base,L_I_PRON,news,0.03806609225947478,0.5475108398494353,False
xlm-roberta-base,L_I_PRON,reviews,0.08376578294875131,0.1850185688469376,False
xlm-roberta-base,L_I_PRON,qa,0.08933901898739346,0.1573645378673482,False
xlm-roberta-base,L_HE_PRON,abstracts,-0.07917002819619742,0.2103863462574722,False
xlm-roberta-base,L_HE_PRON,news,0.1414651636995953,0.024714823310861143,True
xlm-roberta-base,L_HE_PRON,reviews,0.21103168130060912,0.0007478255840487312,True
xlm-roberta-base,L_HE_PRON,qa,-0.00828441612903804,0.8958864977026284,False
xlm-roberta-base,L_SHE_PRON,abstracts,-0.019981515640471112,0.7522672353691767,False
xlm-roberta-base,L_SHE_PRON,news,0.13510417789040113,0.032041816855148605,True
xlm-roberta-base,L_SHE_PRON,reviews,0.2859474076142159,3.9614155112080795e-06,True
xlm-roberta-base,L_SHE_PRON,qa,-0.0022913569441765716,0.9711281720437365,False
xlm-roberta-base,L_IT_PRON,abstracts,-0.1769495714046727,0.004843117099067387,True
xlm-roberta-base,L_IT_PRON,news,0.047012756342323006,0.4574786946935133,False
xlm-roberta-base,L_IT_PRON,reviews,-0.0415672735596081,0.511268770998564,False
xlm-roberta-base,L_IT_PRON,qa,-0.1763578020204437,0.004989438862702785,True
xlm-roberta-base,L_YOU_PRON,abstracts,-0.20240209589317104,0.00123547459389331,True
xlm-roberta-base,L_YOU_PRON,news,0.0097215074259937,0.8779562641874991,False
xlm-roberta-base,L_YOU_PRON,reviews,0.12782769430041638,0.042617656152898434,True
xlm-roberta-base,L_YOU_PRON,qa,-0.07567705449413978,0.2312750992927172,False
xlm-roberta-base,L_WE_PRON,abstracts,0.15236628151965437,0.015483584433955108,True
xlm-roberta-base,L_WE_PRON,news,-0.004846228729501689,0.9389819606177953,False
xlm-roberta-base,L_WE_PRON,reviews,0.1001324541314849,0.11282138348648202,False
xlm-roberta-base,L_WE_PRON,qa,-0.11995229722083643,0.057225013346206284,False
xlm-roberta-base,L_THEY_PRON,abstracts,-0.18433542785245247,0.003315165964334563,True
xlm-roberta-base,L_THEY_PRON,news,0.10644418564586729,0.09176849108303571,False
xlm-roberta-base,L_THEY_PRON,reviews,0.06805754362897887,0.28181230259466267,False
xlm-roberta-base,L_THEY_PRON,qa,-0.07353764782013607,0.2447704010133981,False
xlm-roberta-base,L_ME_PRON,abstracts,-0.17955974645988548,0.004242712064872975,True
xlm-roberta-base,L_ME_PRON,news,0.07402236934053,0.24166568377093234,False
xlm-roberta-base,L_ME_PRON,reviews,-0.002008953113760717,0.9746852798550788,False
xlm-roberta-base,L_ME_PRON,qa,-0.048183782110432644,0.4463384923493012,False
xlm-roberta-base,L_YOU_OBJ_PRON,abstracts,-0.20058355758640847,0.0013698575827563657,True
xlm-roberta-base,L_YOU_OBJ_PRON,news,0.054274616064007915,0.3909300857907204,False
xlm-roberta-base,L_YOU_OBJ_PRON,reviews,0.17613349470625098,0.0050459317806828274,True
xlm-roberta-base,L_YOU_OBJ_PRON,qa,-0.11458280190247289,0.06938760808858015,False
xlm-roberta-base,L_HIM_PRON,abstracts,-0.12408236921219987,0.04911824940372791,True
xlm-roberta-base,L_HIM_PRON,news,0.13597013750242726,0.030946604974001618,True
xlm-roberta-base,L_HIM_PRON,reviews,0.1537572594488463,0.014556383099788895,True
xlm-roberta-base,L_HIM_PRON,qa,-0.015153457084984175,0.8108175550574692,False
xlm-roberta-base,L_HER_OBJECT_PRON,abstracts,-0.138727445014065,0.027669616191464828,True
xlm-roberta-base,L_HER_OBJECT_PRON,news,0.14144654080596905,0.024733966756086127,True
xlm-roberta-base,L_HER_OBJECT_PRON,reviews,0.2735126472717443,1.0599441885185179e-05,True
xlm-roberta-base,L_HER_OBJECT_PRON,qa,-0.03846291468624887,0.5433405677739933,False
xlm-roberta-base,L_IT_OBJECT_PRON,abstracts,-0.06523163185600325,0.3023201048510433,False
xlm-roberta-base,L_IT_OBJECT_PRON,news,0.09984627632119414,0.11385889303544397,False
xlm-roberta-base,L_IT_OBJECT_PRON,reviews,0.21962744089996855,0.00044454248102837547,True
xlm-roberta-base,L_IT_OBJECT_PRON,qa,-0.059664615021947295,0.3455386594897228,False
xlm-roberta-base,L_US_PRON,abstracts,-0.03200422418634564,0.6130988618964762,False
xlm-roberta-base,L_US_PRON,news,0.07640274558132384,0.22681909016339927,False
xlm-roberta-base,L_US_PRON,reviews,0.12892804189255563,0.04085124753874812,True
xlm-roberta-base,L_US_PRON,qa,-0.11450039763815123,0.06958954548551008,False
xlm-roberta-base,L_THEM_PRON,abstracts,-0.2336647067373898,0.00018197024846928277,True
xlm-roberta-base,L_THEM_PRON,news,0.07243217718220549,0.2519549008652583,False
xlm-roberta-base,L_THEM_PRON,reviews,-0.02337027939994965,0.7119803943630366,False
xlm-roberta-base,L_THEM_PRON,qa,-0.10980079795565281,0.08192374814944806,False
xlm-roberta-base,L_MY_PRON,abstracts,-0.21101943372033502,0.0007483692602275029,True
xlm-roberta-base,L_MY_PRON,news,0.06712166669397804,0.2884974958486678,False
xlm-roberta-base,L_MY_PRON,reviews,0.12033137403963848,0.056437551035885866,False
xlm-roberta-base,L_MY_PRON,qa,0.1298789229285192,0.039374843955683844,True
xlm-roberta-base,L_YOUR_PRON,abstracts,-0.18258905332389422,0.003630611584963807,True
xlm-roberta-base,L_YOUR_PRON,news,0.04885648577338751,0.44000899141739125,False
xlm-roberta-base,L_YOUR_PRON,reviews,0.051779146062506526,0.41311108188506573,False
xlm-roberta-base,L_YOUR_PRON,qa,-0.06968922072864697,0.2704084248376936,False
xlm-roberta-base,L_HIS_PRON,abstracts,-0.2432123991190768,9.603027614065547e-05,True
xlm-roberta-base,L_HIS_PRON,news,-0.008288183691969389,0.8958394174810587,False
xlm-roberta-base,L_HIS_PRON,reviews,0.26834135626326827,1.574019233256747e-05,True
xlm-roberta-base,L_HIS_PRON,qa,0.011080797659607507,0.86105366073279,False
xlm-roberta-base,L_HER_PRON,abstracts,-0.11642716521675621,0.06499164056124787,False
xlm-roberta-base,L_HER_PRON,news,0.03456658146703776,0.5849541531207205,False
xlm-roberta-base,L_HER_PRON,reviews,0.29549691250044996,1.8006843280255974e-06,True
xlm-roberta-base,L_HER_PRON,qa,-0.012478307194116819,0.8437415864290281,False
xlm-roberta-base,L_ITS_PRON,abstracts,0.067066536143065,0.2888945935161489,False
xlm-roberta-base,L_ITS_PRON,news,0.0007437563084834297,0.9906266139301049,False
xlm-roberta-base,L_ITS_PRON,reviews,-0.22449860706121927,0.00032809262980906177,True
xlm-roberta-base,L_ITS_PRON,qa,-0.05526760429182863,0.3823077461089684,False
xlm-roberta-base,L_OUR_PRON,abstracts,0.15923084536633042,0.011363572919313227,True
xlm-roberta-base,L_OUR_PRON,news,-0.0024925435250370137,0.9685944061440173,False
xlm-roberta-base,L_OUR_PRON,reviews,0.0599847359096062,0.3429521963668046,False
xlm-roberta-base,L_OUR_PRON,qa,-0.1383725649289201,0.028073959454813713,True
xlm-roberta-base,L_THEIR_PRON,abstracts,0.0802358366847859,0.2042914621323733,False
xlm-roberta-base,L_THEIR_PRON,news,0.040704737988292564,0.5200801926608567,False
xlm-roberta-base,L_THEIR_PRON,reviews,-0.11318573621461994,0.07287657246562296,False
xlm-roberta-base,L_THEIR_PRON,qa,-0.08077156779931202,0.20127652881138414,False
xlm-roberta-base,L_YOURS_PRON,abstracts,,,False
xlm-roberta-base,L_YOURS_PRON,news,-0.006688767996840955,0.9158567321787855,False
xlm-roberta-base,L_YOURS_PRON,reviews,-0.00948016474257499,0.8809633478633966,False
xlm-roberta-base,L_YOURS_PRON,qa,-0.09768035805159285,0.12195510009791775,False
xlm-roberta-base,L_THEIRS_PRON,abstracts,-0.10873380325509634,0.0849563505159493,False
xlm-roberta-base,L_THEIRS_PRON,news,-0.0077647548201272495,0.902383710238111,False
xlm-roberta-base,L_THEIRS_PRON,reviews,0.1272737933199803,0.043530864753160724,True
xlm-roberta-base,L_THEIRS_PRON,qa,-0.054501997063637585,0.3889453928350986,False
xlm-roberta-base,L_HERS_PRON,abstracts,,,False
xlm-roberta-base,L_HERS_PRON,news,0.028376797797558286,0.6539234085684335,False
xlm-roberta-base,L_HERS_PRON,reviews,0.05626224974809811,0.3737882191054122,False
xlm-roberta-base,L_HERS_PRON,qa,0.0804205588947868,0.2032482341230165,False
xlm-roberta-base,L_OURS_PRON,abstracts,-0.025371869857451847,0.6885467157689834,False
xlm-roberta-base,L_OURS_PRON,news,0.023673380004600765,0.7084137595575964,False
xlm-roberta-base,L_OURS_PRON,reviews,0.12814075142114584,0.042108683617549186,True
xlm-roberta-base,L_OURS_PRON,qa,-0.07468742711200876,0.2374508733400189,False
xlm-roberta-base,L_MYSELF_PRON,abstracts,-0.19205948331554287,0.0021967949303458457,True
xlm-roberta-base,L_MYSELF_PRON,news,0.09291816404571668,0.14132339472104538,False
xlm-roberta-base,L_MYSELF_PRON,reviews,-0.04108041664527313,0.5162328203658143,False
xlm-roberta-base,L_MYSELF_PRON,qa,-0.031114906740027037,0.623004118616258,False
xlm-roberta-base,L_YOURSELF_PRON,abstracts,-0.13734651298967876,0.029271614728010733,True
xlm-roberta-base,L_YOURSELF_PRON,news,0.11941197554058988,0.05836311315327052,False
xlm-roberta-base,L_YOURSELF_PRON,reviews,0.1550848486920372,0.013717190504701228,True
xlm-roberta-base,L_YOURSELF_PRON,qa,-0.12265248814604049,0.0518091098308837,False
xlm-roberta-base,L_HIMSELF_PRON,abstracts,-0.15251120059488624,0.015384630926988795,True
xlm-roberta-base,L_HIMSELF_PRON,news,-0.08493598111283039,0.1789343364366388,False
xlm-roberta-base,L_HIMSELF_PRON,reviews,0.02414717616916074,0.7028512587821967,False
xlm-roberta-base,L_HIMSELF_PRON,qa,-0.0787943955382189,0.21256528506931696,False
xlm-roberta-base,L_HERSELF_PRON,abstracts,0.035749800365679714,0.5721624517723611,False
xlm-roberta-base,L_HERSELF_PRON,news,-0.11423588843966605,0.0702409865675954,False
xlm-roberta-base,L_HERSELF_PRON,reviews,0.02998862995957955,0.6356464314944674,False
xlm-roberta-base,L_HERSELF_PRON,qa,-0.10151591291014611,0.10790987237096214,False
xlm-roberta-base,L_ITSELF_PRON,abstracts,-0.23480807549028757,0.00016879116136329445,True
xlm-roberta-base,L_ITSELF_PRON,news,-0.11279233662043515,0.07388437536733415,False
xlm-roberta-base,L_ITSELF_PRON,reviews,-0.0064136826776908275,0.9193052424847601,False
xlm-roberta-base,L_ITSELF_PRON,qa,-0.052333976141892516,0.4081164548212768,False
xlm-roberta-base,L_OURSELVES_PRON,abstracts,-0.04445339017021525,0.48235825418533174,False
xlm-roberta-base,L_OURSELVES_PRON,news,0.02913322060694709,0.6453195761988143,False
xlm-roberta-base,L_OURSELVES_PRON,reviews,0.0014451391355679265,0.9817884065369876,False
xlm-roberta-base,L_OURSELVES_PRON,qa,-0.14562320867470913,0.020747690811875687,True
xlm-roberta-base,L_YOURSELVES_PRON,abstracts,,,False
xlm-roberta-base,L_YOURSELVES_PRON,news,-0.06460964111914899,0.3069632097721823,False
xlm-roberta-base,L_YOURSELVES_PRON,reviews,0.057396020405193864,0.3642207087786998,False
xlm-roberta-base,L_YOURSELVES_PRON,qa,-0.11620411687359257,0.0655108150898035,False
xlm-roberta-base,L_THEMSELVES_PRON,abstracts,-0.23314212846497467,0.00018830858726972443,True
xlm-roberta-base,L_THEMSELVES_PRON,news,-0.09736347724187475,0.12317621246651278,False
xlm-roberta-base,L_THEMSELVES_PRON,reviews,-0.062436985418177965,0.32354840957070535,False
xlm-roberta-base,L_THEMSELVES_PRON,qa,-0.15289158218981785,0.015127526814401375,True
xlm-roberta-base,L_FIRST_PERSON_SING_PRON,abstracts,-0.1992804530504402,0.0014742542680560348,True
xlm-roberta-base,L_FIRST_PERSON_SING_PRON,news,0.03806609225947478,0.5475108398494353,False
xlm-roberta-base,L_FIRST_PERSON_SING_PRON,reviews,0.08376578294875131,0.1850185688469376,False
xlm-roberta-base,L_FIRST_PERSON_SING_PRON,qa,0.08933901898739346,0.1573645378673482,False
xlm-roberta-base,L_SECOND_PERSON_PRON,abstracts,-0.20084205899305851,0.0013499715008154147,True
xlm-roberta-base,L_SECOND_PERSON_PRON,news,0.029202410414528607,0.6445349139959912,False
xlm-roberta-base,L_SECOND_PERSON_PRON,reviews,0.11997985659919688,0.05716745926303952,False
xlm-roberta-base,L_SECOND_PERSON_PRON,qa,-0.09507100185643166,0.1322949720386094,False
xlm-roberta-base,L_THIRD_PERSON_SING_PRON,abstracts,-0.14804159397598238,0.018704193649782225,True
xlm-roberta-base,L_THIRD_PERSON_SING_PRON,news,0.1007504409096203,0.11060620746694275,False
xlm-roberta-base,L_THIRD_PERSON_SING_PRON,reviews,-0.0010125061314822936,0.9872398719671952,False
xlm-roberta-base,L_THIRD_PERSON_SING_PRON,qa,-0.12359539394493918,0.05002127786543024,False
xlm-roberta-base,L_THIRD_PERSON_PLURAL_PRON,abstracts,-0.1426329635649162,0.023539589701800562,True
xlm-roberta-base,L_THIRD_PERSON_PLURAL_PRON,news,0.08416556139761615,0.18292311484469767,False
xlm-roberta-base,L_THIRD_PERSON_PLURAL_PRON,reviews,0.01590068416791751,0.8016776611413456,False
xlm-roberta-base,L_THIRD_PERSON_PLURAL_PRON,qa,-0.10022290102280298,0.11249502204426406,False
xlm-roberta-base,VF_INFINITIVE,abstracts,-0.2026159418330263,0.001220493965914897,True
xlm-roberta-base,VF_INFINITIVE,news,0.12877204225297936,0.04109786125650867,True
xlm-roberta-base,VF_INFINITIVE,reviews,0.08050832800171744,0.20275390716764674,False
xlm-roberta-base,VF_INFINITIVE,qa,-0.08627693521151095,0.17214563376148603,False
